Department,Floor,Building,Room_Numbers,Doctors,Operating_Days,Special_Timings,OPD_Type,Counters,Additional_Info,
Medicine Registration,1,New OPD Building,,,Mon-Sat,8:00 AM to 2:00 PM,navigation,"12,13,14",Ground floor near main entrance,
Neurosurgery Registration,1,New OPD Building,,,"Tue,Thu,Sat",8:00 AM to 11:00 AM,navigation,"20,21,22","First floor, left wing",
Neurology Registration,1,New OPD Building,,,"Mon,Wed,Fri",8:00 AM to 11:00 AM,navigation,"20,21,22","First floor, left wing",
Fee Counters,0,New OPD Building,,,Mon-Sat,8:00 AM to 2:00 PM,navigation,1-7,"Ground floor, central hall",
File Submission,0,New OPD Building,,,Mon-Sat,8:00 AM to 2:00 PM,navigation,8,"Ground floor, near exit gate",
Lab Reports,1,New OPD Building,,,Mon-Sat,8:00 AM to 2:00 PM,navigation,"9,10","First floor, near staircase",
Physiotherapy,1,New OPD Building,,,Mon-Sat,8:00 AM to 2:00 PM,navigation,23,"First floor, right corridor",
Radiology,1,New OPD Building,,,Mon-Sat,8:00 AM to 2:00 PM,navigation,24,"First floor, imaging wing",
Lab Samples,1,New OPD Building,,,Mon-Sat,8:00 AM to 12:00 PM,navigation,25,"First floor, pathology section",
General Registration,2,New OPD Building,,,Mon-Sat,8:00 AM to 2:00 PM,navigation,26-28,"Second floor, main hall",
Cardiology OPD,2,Advanced Cardiac Center,,"Dr. Sharma, Dr. Gupta","Mon,Wed,Fri",9:00 AM to 1:00 PM,general,,"Second floor, ACC building",
Orthopedics Unit 1,2,New OPD Building,,"Dr. Singh, Dr. Kumar","Mon,Thu",9:00 AM to 1:00 PM,general,,"Second floor, right wing",
ENT Department,3,Main Hospital Building,,"Dr. Kapoor, Dr. Reddy","Tue,Fri",10:00 AM to 2:00 PM,general,,"Third floor, east wing",
Eye Department,3,Main Hospital Building,,"Dr. Patel, Dr. Joshi","Wed,Sat",9:00 AM to 12:00 PM,general,,"Third floor, west wing",
Dermatology,4,New OPD Building,,"Dr. Mishra, Dr. Nair",Mon-Fri,10:00 AM to 3:00 PM,general,,"Fourth floor, skin clinic",
Pediatrics,5,Advanced Pediatric Center,,"Dr. Khan, Dr. Rao",Mon-Sat,8:00 AM to 1:00 PM,general,,"Fifth floor, APC building",
Emergency,0,Emergency Building,,,24/7,,navigation,,"Ground floor, separate building",
Pharmacy,0,Main Hospital Building,,,Mon-Sat,8:00 AM to 8:00 PM,navigation,,"Ground floor, near reception",
Cafeteria,0,Main Hospital Building,,,7:00 AM to 9:00 PM,,navigation,,"Ground floor, central area",
Administration,1,Main Hospital Building,,,Mon-Fri,9:00 AM to 5:00 PM,navigation,,"First floor, administrative block",
Oncology Department,4,Cancer Center,,"Dr. Desai, Dr. Choudhary",Mon-Fri,9:00 AM to 4:00 PM,general,,"Fourth floor, requires prior appointment",
Pulmonary Medicine,2,New OPD Building,,"Dr. Verma, Dr. Iyer","Tue,Thu,Sat",10:00 AM to 2:00 PM,general,,"Second floor, respiratory center",
Endocrinology,3,Main Hospital Building,,"Dr. Chatterjee, Dr. Menon","Mon,Wed,Fri",9:00 AM to 12:00 PM,general,,"Third floor, diabetes clinic",
Gastroenterology,2,New OPD Building,,"Dr. Malhotra, Dr. Banerjee","Tue,Thu",11:00 AM to 3:00 PM,general,,"Second floor, GI wing",
Nephrology,3,Main Hospital Building,,"Dr. Saxena, Dr. Trivedi","Mon,Wed,Fri",10:00 AM to 1:00 PM,general,,"Third floor, kidney center",
Psychiatry,4,Mental Health Center,,"Dr. Fernandes, Dr. Mehta",Mon-Sat,9:00 AM to 1:00 PM,general,,Separate building behind main hospital,
Rheumatology,2,New OPD Building,,"Dr. Grover, Dr. Biswas","Wed,Fri",10:00 AM to 2:00 PM,general,,"Second floor, arthritis clinic",
Urology,3,Main Hospital Building,,"Dr. Ahuja, Dr. Pillai","Tue,Thu",9:00 AM to 1:00 PM,general,,"Third floor, near elevators",
Plastic Surgery,4,New OPD Building,,"Dr. Khanna, Dr. Mukherjee","Mon,Wed,Fri",11:00 AM to 3:00 PM,general,,"Fourth floor, cosmetic center",
Blood Bank,0,Main Hospital Building,,,24/7,,navigation,,"Basement level, accessible via elevator",
Medical Records,1,Main Hospital Building,,,Mon-Fri,9:00 AM to 4:00 PM,navigation,,"First floor, records section",
ICU Visiting,5,Main Hospital Building,,,Daily,4:00 PM to 6:00 PM,navigation,,"Fifth floor, restricted access",
MRI Scan,1,Diagnostic Center,,,Mon-Sat,8:00 AM to 8:00 PM,navigation,,"First floor, appointment required",
CT Scan,1,Diagnostic Center,,,Mon-Sat,8:00 AM to 8:00 PM,navigation,,"First floor, walk-ins welcome",
X-Ray Department,0,Diagnostic Center,,,Mon-Sat,9:00 AM to 5:00 PM,navigation,,"Ground floor, near emergency",
Audiology,3,Main Hospital Building,,,Mon-Fri,10:00 AM to 3:00 PM,navigation,,"Third floor, hearing tests",
Dental Clinic,2,New OPD Building,,"Dr. Oberoi, Dr. Nanda",Mon-Sat,9:00 AM to 2:00 PM,general,,"Second floor, dental wing",
Nutrition Clinic,1,Main Hospital Building,,,Mon-Fri,10:00 AM to 3:00 PM,navigation,,"First floor, diet counseling",
Vaccination Center,0,Main Hospital Building,,,Mon-Sat,9:00 AM to 1:00 PM,navigation,,"Ground floor, immunization section",
Billing Department,0,Main Hospital Building,,,Mon-Sat,9:00 AM to 5:00 PM,navigation,29-32,"Ground floor, payment counters",
Patient Relations,0,Main Hospital Building,,,Mon-Fri,10:00 AM to 4:00 PM,navigation,,"Ground floor, feedback desk",
Orthopedics Unit 2,2,New OPD Building,,"Dr. Bajaj, Dr. Chawla","Tue,Fri",2:00 PM to 5:00 PM,general,,"Second floor, sports injury clinic",
Cardiac ICU,2,Advanced Cardiac Center,,,24/7,,navigation,,"Second floor, restricted access",
Neonatal ICU,5,Advanced Pediatric Center,,,24/7,,navigation,,"Fifth floor, parents only",
Burn Unit,4,Trauma Center,,,24/7,,navigation,,"Fourth floor, specialized care",
Ayurveda Clinic,0,Wellness Center,,"Dr. Sharma, Dr. Devi",Mon-Sat,9:00 AM to 3:00 PM,general,,Separate building near parking,
Homeopathy Clinic,0,Wellness Center,,"Dr. Gupta, Dr. Kapoor",Mon-Sat,10:00 AM to 2:00 PM,general,,Next to Ayurveda clinic,
PAC APC,5,D Block APC,"Dr. Indu Mohini Sen, Dr. Preethy J Mathew","Mon,Tue,Wed,Thu,Fri,Sat",8:00 am to 11:00 am,special_clinic,,"5th Floor, D Block APC",,
Pain Clinic,5,C Block, New OPD,Dr. Babita Ghai,Wed,2:00 pm to 3:00 pm,special_clinic,,"5th Floor, C Block, New OPD",
Pain Clinic,5,C Block, New OPD,"Dr. Jeetinder Kaur Makkar, Dr. Neerja Bharti",Sat,2:00 pm to 3:00 pm,special_clinic,,"5th Floor, C Block, New OPD",
Cardiology Unit 1,0,C Block ACC,"Dr. Ajay Bahl, Dr. Dinkar Bhasin, Dr. Himanshu Gupta, Dr. Prashant Kumar Panda, Dr. Saurabh Mehrotra, Dr. Yash Paul Sharma","Mon,Thu",8:00 am to 11:00 am,general,,Ground Floor C Block ACC,,
Cardiology Unit 2,0,C Block ACC,"Dr. Ankur Gupta, Dr. Bhupendra Kumar Sihag, Dr. Parag W Barwad, Dr. Rohit Manoj Kumar Ukadbhai, Dr. Sanjeev Hanumantacharya Naganur, Dr. Sreenivas Reddy Sankuru","Tue,Fri",8:00 am to 11:00 am,general,,Ground Floor C Block ACC,,
Cardiology Unit 3,0,C Block ACC,"Dr. Basant Kumar, Dr. Neelam, Dr. Parminder Singh, Dr. Rajesh Vijayvergiya, Dr. Suraj Khanal","Wed,Sat",8:00 am to 11:00 am,general,,Ground Floor C Block ACC,,
CTVS Clinic,0,B Block ACC,Dr. Shyam Kumar Singh Thingnam,Fri,8:00 am to 11:00 am,general,,"Ground Floor, B Block ACC",,
CTVS Clinic,0,B Block ACC,Dr. Harkant Singh,Mon,8:00 am to 11:00 am,general,,"Ground Floor, B Block ACC",,
CTVS Clinic,0,B Block ACC,"Dr. Javid Raja, Dr. Sachin Mahajan",Sat,8:00 am to 11:00 am,general,,"Ground Floor, B Block ACC",,
CTVS Clinic,0,B Block ACC,Dr. Rupesh Kumar,Thu,8:00 am to 11:00 am,general,,"Ground Floor, B Block ACC",,
CTVS Clinic,0,B Block ACC,Dr. Anand Kumar Mishra,Tue,8:00 am to 11:00 am,general,,"Ground Floor, B Block ACC",,
CTVS Clinic,0,B Block ACC,Dr. Pankaj Aggarwal,Wed,8:00 am to 11:00 am,general,,"Ground Floor, B Block ACC",,
BMTC Clinic,3,B Block, New OPD,"Dr. Alka Rani Khadwal, Dr. Arihant Jain, Dr. Deepesh Lad, Dr. Gaurav Prakash, Dr. Pankaj Malhotra",Tue,12:00 PM,special_clinic,,"3rd Floor, B Block, New OPD",
Breast Cancer Chemotherapy Clinic,5,C Block, New OPD,"Dr. Chandan Krushna Das, Dr. Gaurav Prakash, Dr. Kushal Gupta",Tue,8:00 AM to 11:00 AM,special_clinic,,"5th Floor, C Block, New OPD",
Haematology Referral,3,B Block, New OPD,"Dr. Alka Rani Khadwal, Dr. Arihant Jain, Dr. Deepesh Lad, Dr. Gaurav Prakash, Dr. Pankaj Malhotra","Mon,Tue,Thu","Mon: 8.00 AM to 11.00 AM, Tue: 12.00 PM to 01.00 PM, Thu: 8.00 AM to 11.00 AM",special_clinic,,"3rd Floor, B Block, New OPD",
Hematology Clinic,3,B Block, New OPD,"Dr. Alka Rani Khadwal, Dr. Arihant Jain, Dr. Deepesh Lad, Dr. Gaurav Prakash, Dr. Pankaj Malhotra","Mon,Tue,Thu","Mon: 8.00 AM to 11.00 AM, Tue: 12.00 PM to 01.00 PM, Thu: 8.00 AM to 11.00 AM",special_clinic,,"3rd Floor, B Block, New OPD",
Medical Oncology,5,C Block, New OPD,"Dr. Chandan Krushna Das, Dr. Gaurav Prakash, Dr. Pankaj Malhotra","Tue,Thu",Mon: 8.00 AM to 11.30 AM,special_clinic,,"5th Floor, C Block, New OPD",
Autoimmune & Immunobullous Disease Clinic,5,C Block, New OPD,"Dr. Dipankar De, Dr. Rahul Mahajan, Dr. Sanjeev Handa",Wed,,special_clinic,,"5th Floor, C Block, New OPD",
Cutaneous Surgery Clinic,5,C Block, New OPD,"Dr. Sunil Dogra, Dr. Tarun Narang, Dr. Vinay K",Mon,,special_clinic,,"5th Floor, C Block, New OPD",
Eczema & Contact Dermatitis,5,C Block, New OPD,"Dr. Anuradha Bishnoi, Dr. Dipankar De, Dr. Sanjeev Handa",Mon,,special_clinic,,"5th Floor, C Block, New OPD",
Laser Clinic,5,C Block, New OPD,"Dr. Anuradha Bishnoi, Dr. Sunil Dogra",Wed,,special_clinic,,"5th Floor, C Block, New OPD",
Leprosy Clinic,5,C Block, New OPD,"Dr. Sunil Dogra, Dr. Tarun Narang",Tue,,special_clinic,,"5th Floor, C Block, New OPD",
Pediatric Dermatology,5,C Block, New OPD,"Dr. Dipankar De, Dr. Rahul Mahajan, Dr. Sanjeev Handa",Sat,,special_clinic,,"5th Floor, C Block, New OPD",
Pigmentary Disorders Clinic,5,C Block, New OPD,"Dr. Anuradha Bishnoi, Dr. Davinder Parsad, Dr. M. Sendhil Kumaran, Dr. Vinay K",Fri,,special_clinic,,"5th Floor, C Block, New OPD",
Psoriasis Clinic,5,C Block, New OPD,"Dr. Sanjeev Handa, Dr. Sunil Dogra, Dr. Tarun Narang",Thu,,special_clinic,,"5th Floor, C Block, New OPD",
STD Clinic,5,C Block, New OPD,Dr. Dipankar De,"Mon,Tue,Wed,Thu,Fri,Sat",,special_clinic,,"5th Floor, C Block, New OPD",
Trichology Clinic,5,C Block, New OPD,"Dr. M. Sendhil Kumaran, Dr. Rahul Mahajan",Thu,,special_clinic,,"5th Floor, C Block, New OPD",
Urticaria & Drug Allergies Clinic,5,C Block, New OPD,"Dr. Davinder Parsad, Dr. M. Sendhil Kumaran",Tue,,special_clinic,,"5th Floor, C Block, New OPD",
DDTC Walk In Clinic,0,DDTC,"Dr. Abhishek Ghosh, Dr. Debasish Basu, Dr. S K Mattoo, Dr. Subodh. B N","Mon,Tue,Wed,Fri,Sat",,general,,Ground Floor DDTC,,
DDTC Walk In Clinic,0,DDTC,"Dr. Abhishek Ghosh, Dr. Debasish Basu, Dr. Rahul Kumar Chakravarty, Dr. S K Mattoo, Dr. Subodh. B N",Thu,,general,,Ground Floor DDTC,,
Endocrinology Referral,4,B Block, New OPD,"Dr. Ashu Rastogi, Dr. Pinaki Dutta, Dr. Rama Walia, Dr. Rimesh Pal, Dr. Sanjay Kumar Bhadada, Dr. Soham Mukherjee","Wed,Thu",,general,,"4th Floor, B Block, New OPD",
GEC Clinic,3,B Block, New OPD,"Dr. Jayanta Samanta, Dr. Mandavdhare Harshal Surendra, Dr. Saroj Kant Sinha",Tue,,special_clinic,,"3rd Floor, B Block, New OPD",
GEC Clinic,3,B Block, New OPD,Dr. Saroj Kant Sinha,Fri,,special_clinic,,"3rd Floor, B Block, New OPD",
GI Biliary Clinic,3,C Block, New OPD,"Dr. Jimil Hiteshbhai Shah, Dr. Surinder Singh Rana, Dr. Vaneet Jearth",Fri,,special_clinic,,"3rd Floor, C Block, New OPD",
GI Clinic,3,C Block, New OPD,"Dr. Jimil Hiteshbhai Shah, Dr. Surinder Singh Rana, Dr. Vaneet Jearth",Fri,,special_clinic,,"3rd Floor, C Block, New OPD",
GI Endoscopic Surgery Clinic,3,C Block, New OPD,"Dr. Jimil Hiteshbhai Shah, Dr. Surinder Singh Rana, Dr. Vaneet Jearth",Fri,,special_clinic,,"3rd Floor, C Block, New OPD",
GI IBD Clinic,3,C Block, New OPD,"Dr. Jimil Hiteshbhai Shah, Dr. Surinder Singh Rana, Dr. Vaneet Jearth",Fri,,special_clinic,,"3rd Floor, C Block, New OPD",
GI Luminal Clinic,3,C Block, New OPD,"Dr. Jimil Hiteshbhai Shah, Dr. Surinder Singh Rana, Dr. Vaneet Jearth",Fri,,special_clinic,,"3rd Floor, C Block, New OPD",
GI Pancreas Clinic,3,C Block, New OPD,"Dr. Jimil Hiteshbhai Shah, Dr. Surinder Singh Rana, Dr. Vaneet Jearth",Fri,,special_clinic,,"3rd Floor, C Block, New OPD",
GUT IBD Clinic,3,B Block, New OPD,"Dr. Anupam Kumar Singh, Dr. Usha Venkatachalam Dutta, Dr. Vishal Sharma",Thu,,special_clinic,,"3rd Floor, B Block, New OPD",
GUT Biliary Clinic,3,B Block, New OPD,"Dr. Anupam Kumar Singh, Dr. Usha Venkatachalam Dutta, Dr. Vishal Sharma",Thu,,special_clinic,,"3rd Floor, B Block, New OPD",
GUT Pancreas Clinic,3,B Block, New OPD,"Dr. Anupam Kumar Singh, Dr. Usha Venkatachalam Dutta, Dr. Vishal Sharma",Thu,,special_clinic,,"3rd Floor, B Block, New OPD",
GUT TB Clinic,3,B Block, New OPD,"Dr. Anupam Kumar Singh, Dr. Usha Venkatachalam Dutta, Dr. Vishal Sharma",Thu,,special_clinic,,"3rd Floor, B Block, New OPD",
GUT Clinic,3,B Block, New OPD,"Dr. Abhirup Chatterjee, Dr. Anupam Kumar Singh, Dr. Usha Venkatachalam Dutta, Dr. Vishal Sharma",Thu,,special_clinic,,"3rd Floor, B Block, New OPD",
GUT Celiac Clinic,3,B Block, New OPD,"Dr. Anupam Kumar Singh, Dr. Usha Venkatachalam Dutta, Dr. Vishal Sharma",Thu,,special_clinic,,"3rd Floor, B Block, New OPD",
GUT Motility Clinic,3,B Block, New OPD,"Dr. Anupam Kumar Singh, Dr. Usha Venkatachalam Dutta, Dr. Vishal Sharma",Thu,,special_clinic,,"3rd Floor, B Block, New OPD",
Endocrine and Breast Surgery Clinic,4,C Block, New OPD,"Dr. Divya Dahiya, Dr. Ishita Laroiya, Dr. Siddhant Khare","Tue,Fri",,special_clinic,,"4th Floor, C Block, New OPD",
GIS, HPB & Liver Tx Clinic,3,C Block, New OPD,Dr. Rajesh Gupta,"Tue,Fri",,special_clinic,,"3rd Floor, C Block, New OPD"
GIS, HPB & Liver Tx Clinic,3,C Block, New OPD,Dr. Thakur Deen Yadav,"Tue,Sat",,special_clinic,,"3rd Floor, C Block, New OPD"
GIS, HPB & Liver Tx Clinic,3,C Block, New OPD,Dr. Harjeet Singh,Fri,,special_clinic,,"3rd Floor, C Block, New OPD"
Liver Nutrition Clinic,4,B Block, New OPD,"Dr. Nipun Verma, Dr. Sunil Taneja","2nd,4th(Fri)",,special_clinic,,"4th Floor, B Block, New OPD",
Liver Transplant Clinic,4,B Block, New OPD,"Dr. Ajay Kumar Duseja, Dr. Arka De, Dr. Babu Lal Meena, Dr. Madhumita Premkumar, Dr. Naveen Bhagat, Dr. Nipun Verma, Dr. Sahaj Rathi, Dr. Sunil Taneja",Tue,,special_clinic,,"4th Floor, B Block, New OPD",
Liver Clinic,4,B Block, New OPD,"Dr. Ajay Kumar Duseja, Dr. Arka De, Dr. Babu Lal Meena, Dr. Madhumita Premkumar, Dr. Nipun Verma, Dr. Sahaj Rathi, Dr. Sunil Taneja","Mon,Fri",,special_clinic,,"4th Floor, B Block, New OPD",
Internal Medicine Unit 1,3,B Block, New OPD,"Dr. Aman Sharma, Dr. Sanjay Jain, Dr. Shefali Khanna Sharma, Dr. Varun Dhir",Mon,,general,,"3rd Floor, B Block, New OPD",
Internal Medicine Unit 2,3,B Block, New OPD,"Dr. Pinaki Dutta, Dr. Rama Walia, Dr. Rimesh Pal, Dr. Sanjay Kumar Bhadada, Dr. Soham Mukherjee",Tue,,general,,"3rd Floor, B Block, New OPD",
Internal Medicine Unit 3,3,B Block, New OPD,"Dr. Usha Venkatachalam Dutta, Dr. Vishal Sharma",Wed,,general,,"3rd Floor, B Block, New OPD",
Internal Medicine Unit 4,3,B Block, New OPD,"Dr. Alka Rani Khadwal, Dr. Arihant Jain, Dr. Ashish Bhalla, Dr. Deba Prasad Dhibar, Dr. Deepesh Lad, Dr. Gaurav Prakash, Dr. Harpreet Singh, Dr. Pankaj Malhotra, Dr. Vikas Suri",Thu,,general,,"3rd Floor, B Block, New OPD",
Internal Medicine Unit 5,3,A Block, New OPD,"Dr. Harbir Singh Kohli, Dr. Manish Rathi, Dr. Raja Ramachandran, Dr. Vivek Kumar",Fri,,general,,"3rd Floor, A Block, New OPD",
Internal Medicine Unit 6,3,B Block, New OPD,Dr. Usha Venkatachalam Dutta,Sat,,general,,"3rd Floor, B Block, New OPD",
Nephrology Referral,3,C Block, New OPD,"Dr. Manish Rathi, Dr. Smita Subhash Divyaveer, Dr. Vivek Kumar",Mon,,general,,"3rd Floor, C Block, New OPD",
Nephrology Referral,3,C Block, New OPD,"Dr. Harbir Singh Kohli, Dr. Manish Rathi, Dr. Raja Ramachandran, Dr. Smita Subhash Divyaveer, Dr. Vivek Kumar","Wed,Fri",,general,,"3rd Floor, C Block, New OPD",
Neurology Unit 1,3,A Block, New OPD,"Dr. Aastha Takkar Kapila, Dr. Parampreet Singh Kharbanda, Dr. Rajveer Singh, Dr. Sahil Mehta, Dr. Sucharita Ray, Dr. Vivek Lal",Mon,,general,,"3rd Floor, A Block, New OPD",
Neurology Unit 1,3,A Block, New OPD,"Dr. Aastha Takkar Kapila, Dr. Dheeraj Khurana, Dr. Manish Modi, Dr. Manoj Kumar Goyal, Dr. Rajveer Singh, Dr. Sahil Mehta, Dr. Sucharita Ray, Dr. Vivek Lal",Wed,,general,,"3rd Floor, A Block, New OPD",
Neurology Unit 1,3,A Block, New OPD,"Dr. Aastha Takkar Kapila, Dr. Dheeraj Khurana, Dr. Manish Modi, Dr. Manoj Kumar Goyal, Dr. Parampreet Singh Kharbanda, Dr. Rajveer Singh, Dr. Sucharita Ray, Dr. Vivek Lal",Fri,,general,,"3rd Floor, A Block, New OPD",
Neurosurgery,3,A Block, New OPD,Dr. Chandra Shekhar Gendle,Tue,,general,,"3rd Floor, A Block, New OPD",
Neurosurgery,3,A Block, New OPD,"Dr. Ashish Aggarwal, Dr. Chandra Shekhar Gendle, Dr. Dhandapani Sivashanmugam, Dr. Manju Mohanty, Dr. Navneet Singla, Dr. Pravin Salunke, Dr. Saravanan Sadhasivam, Dr. Sunil Kumar Gupta, Dr. Sushanta Kumar Sahoo",Tue,,general,,"3rd Floor, A Block, New OPD",
Neurosurgery,3,A Block, New OPD,"Dr. Aman Batish, Dr. Karthigeyan M, Dr. Manju Mohanty, Dr. Manjul Tripathi, Dr. Navneet Singla, Dr. Pravin Salunke, Dr. Rajesh Chhabra, Dr. Sandeep Mohindra",Thu,,general,,"3rd Floor, A Block, New OPD",
Neurosurgery,3,A Block, New OPD,"Dr. Apinderpreet Singh, Dr. Dhandapani Sivashanmugam, Dr. Hitesh Inder Singh Rai, Dr. Manju Mohanty, Dr. Sandeep Mohindra",Sat,,general,,"3rd Floor, A Block, New OPD",
Antenatal Clinic (ANC 1),2,C Block, New OPD,"Dr. Anju Singh, Dr. Manisha Meena, Dr. Pradip Kumar Saha, Dr. Rashmi Bagga, Dr. Rimpi Singla, Dr. Sujata Siwatch","Mon,Thu",,general,,"2nd Floor, C Block, New OPD",
Antenatal Clinic (ANC 2),2,C Block, New OPD,"Dr. Aashima Arora, Dr. Bharti Joshi, Dr. Girija Shankar Mohanty, Dr. Ramandeep Bansal, Dr. Shalini Gainder, Dr. Vanita Jain","Tue,Fri",,general,,"2nd Floor, C Block, New OPD",
Antenatal Clinic (ANC 3),2,C Block, New OPD,"Dr. Amanjot Kaur, Dr. Minakshi Rohilla, Dr. Pooja Sikka, Dr. Seema Chopra, Dr. Snigdha Kumari","Wed,Sat",,general,,"2nd Floor, C Block, New OPD",
OBS & GYNAE Unit 1,2,C Block, New OPD,"Dr. Anju Singh, Dr. Manisha Meena, Dr. Pradip Kumar Saha, Dr. Rashmi Bagga, Dr. Rimpi Singla, Dr. Sujata Siwatch","Mon,Thu",,general,,"2nd Floor, C Block, New OPD",
OBS & GYNAE Unit 2,2,C Block, New OPD,"Dr. Aashima Arora, Dr. Bharti Joshi, Dr. Girija Shankar Mohanty, Dr. Ramandeep Bansal, Dr. Shalini Gainder, Dr. Vanita Jain","Tue,Fri",,general,,"2nd Floor, C Block, New OPD",
OBS & GYNAE Unit 3,2,C Block, New OPD,"Dr. Amanjot Kaur, Dr. Minakshi Rohilla, Dr. Pooja Sikka, Dr. Seema Chopra, Dr. Snigdha Kumari","Wed,Sat",,general,,"2nd Floor, C Block, New OPD",
Ophthalmology Unit 1,2,BLOCK A, Advance Eye Centre,"Dr. Shweta Chaurasia, Dr. Simar Rajan Singh",Mon,,general,,"LEVEL II, BLOCK A, ADVANCE EYE CENTRE",
Ophthalmology Unit 1,2,BLOCK A, Advance Eye Centre,"Dr. Manpreet Singh, Dr. Parul Chawla Gupta, Dr. Vijay Kumar Sharma",Thu,,general,,"LEVEL II, BLOCK A, ADVANCE EYE CENTRE",
Ophthalmology Unit 2,2,BLOCK A, Advance Eye Centre,"Dr. Manpreet Singh, Dr. Shweta Chaurasia, Dr. Sonam Yangzes, Dr. Zoram Thara Zadeng",Wed,,general,,"LEVEL II, BLOCK A, ADVANCE EYE CENTRE",
Ophthalmology Unit 2,2,BLOCK A, Advance Eye Centre,"Dr. Deeksha Katoch, Dr. Mohit Dogra",Sat,,general,,"LEVEL II, BLOCK A, ADVANCE EYE CENTRE",
Ophthalmology Unit 3,2,BLOCK A, Advance Eye Centre,"Dr. Anchal Thakur, Dr. Chintan Malhotra",Tue,,general,,"LEVEL II, BLOCK A, ADVANCE EYE CENTRE",
Ophthalmology Unit 3,2,BLOCK A, Advance Eye Centre,"Dr. Manu Saini, Dr. Reema Bansal",Fri,,general,,"LEVEL II, BLOCK A, ADVANCE EYE CENTRE",
Dental Clinic,1,Oral Health Science Center,"Dr. Aditi Kapur, Dr. Bhavita Wadhwa Soni, Dr. Nishant, Dr. Ruchi Vashisht, Dr. Satnam Singh",Fri,,general,,First Floor Oral Health Science Center,,
Dental Clinic,0,Oral Health Science,"Dr. Gunjan Pruthi, Dr. Satinder Pal Singh, Dr. Shipra Gupta, Dr. Umesh Kumar, Dr. Vinay Kumar",Mon,,general,,Ground Floor Oral Health Science,,
Dental Clinic,0,Oral Health Science,"Dr. Prabhleen Kaur Brar, Dr. Raj Kumar Verma, Dr. Richa Shrivastava, Dr. Shipra Gupta, Dr. Sudhir Bhandari",Sat,,general,,Ground Floor Oral Health Science,,
Dental Clinic,0,Oral Health Science,"Dr. Gunjan Pruthi, Dr. Sanjeev Verma, Dr. Shipra Gupta, Dr. Umesh Kumar, Dr. Vidya Rattan",Thu,,general,,Ground Floor Oral Health Science,,
Dental Clinic,0,Oral Health Science,"Dr. Arpit Gupta, Dr. Manojkumar Ashokkumar Jaiswal, Dr. Ruchi Vashisht, Dr. Satnam Singh, Dr. Sudhir Bhandari",Tue,,general,,Ground Floor Oral Health Science,,
Dental Clinic,0,Oral Health Science,"Dr. Bhavita Wadhwa Soni, Dr. Nishant, Dr. Prabhleen Kaur Brar, Dr. Satinder Pal Singh, Dr. Shipra Gupta",Wed,,general,,Ground Floor Oral Health Science,,
Orthopedics Unit 1,2,B Block, New OPD,"Dr. Deepak Kumar, Dr. Himanshu Kanwat, Dr. Raj Kumar, Dr. Uttam Chand Saini, Dr. Vijay Goni",Mon,,general,,"2nd Floor, B Block, New OPD",
Orthopedics Unit 1,2,B Block, New OPD,"Dr. Himanshu Kanwat, Dr. Raj Kumar",Thu,,general,,"2nd Floor, B Block, New OPD",
Orthopedics Unit 2,2,B Block, New OPD,"Dr. Himanshu Bhayana, Dr. Sameer Aggarwal, Dr. Sandeep Patel, Dr. Sarvdeep Singh Dhatt, Dr. Sharad Prabhakar, Dr. Vishal Kumar","Tue,Fri",,general,,"2nd Floor, B Block, New OPD",
Orthopedics Unit 3,2,B Block, New OPD,"Dr. Devendra Kumar Chouhan, Dr. Prasoon Kumar, Dr. Rajendra Kumar Kanojia, Dr. Siddartha Sharma, Dr. Vikas Bachhal","Wed,Sat",,general,,"2nd Floor, B Block, New OPD",
ENT Unit 1,4,A Block, New OPD,"Dr. Anurag Snehi Ramavat, Dr. Jaimanti Bandhu Bakshi, Dr. Roshan Kumar Verma, Dr. Sourabha Kumar Patro",Mon,,general,,"4th Floor, A Block, New OPD",
ENT Unit 1,4,A Block, New OPD,"Dr. Anurag Snehi Ramavat, Dr. Jaimanti Bandhu Bakshi, Dr. Rijuneeta",Wed,,general,,"4th Floor, A Block, New OPD",
ENT Unit 1,4,A Block, New OPD,"Dr. Rijuneeta, Dr. Roshan Kumar Verma, Dr. Sourabha Kumar Patro",Fri,,general,,"4th Floor, A Block, New OPD",
ENT Unit 2,4,A Block, New OPD,"Dr. Ramandeep Singh Virk, Dr. Sandeep Bansal, Dr. Satyawati Mohindra",Tue,,general,,"4th Floor, A Block, New OPD",
ENT Unit 2,4,A Block, New OPD,"Dr. Gyanaranjan Nayak, Dr. Ramandeep Singh Virk, Dr. Satyawati Mohindra",Thu,,general,,"4th Floor, A Block, New OPD",
ENT Unit 2,4,A Block, New OPD,"Dr. Gyanaranjan Nayak, Dr. Sandeep Bansal",Sat,,general,,"4th Floor, A Block, New OPD",
Pediatric Medicine,3,D Block APC,"Dr. Anupriya Kaur, Dr. Arun Bansal, Dr. Karalanglin Tiewsoh, Dr. Praveen Kumar, Dr. Renu Suthar, Prof. Rakesh Kumar",Fri,,general,,"3rd Floor, D Block APC",,
Pediatric Medicine,3,D Block APC,"Dr. Deepak Bansal, Dr. Jogender Kumar, Dr. Naveen Sankhyan, Dr. Rakesh Kumar, Dr. Srinivasan P P",Mon,,general,,"3rd Floor, D Block APC",,
Pediatric Medicine,3,D Block APC,"Dr. Amita Trehan, Dr. Deepti Suri, Dr. Lesa Dawman, Dr. Manjinder Singh Randhawa, Dr. Sanjay Verma, Dr. Shiv Sajan Saini",Sat,,general,,"3rd Floor, D Block APC",,
Pediatric Medicine,3,D Block APC,"Dr. Anju Gupta, Dr. Devi Dayal, Dr. Jitendra Kumar Sahu, Dr. Karthi Nallasamy, Dr. Pankaj C. Vaidya, Dr. S Venkataseshan",Thu,,general,,"3rd Floor, D Block APC",,
Pediatric Medicine,3,D Block APC,"Dr. Bijaylaxmi Behera, Dr. Jaivinder, Dr. Jayashree Muralidharan, Dr. Joseph L Mathew, Dr. Kanya Mukhopadhyay, Dr. Suresh Kumar",Tue,,general,,"3rd Floor, D Block APC",,
Pediatric Medicine,3,D Block APC,"Dr. Arushi Gahlot Saini, Dr. Inusha Panigrahi, Dr. Richa Jain, Dr. Sourabh Dutta, Dr. Surjit Singh, Dr. Vignesh P",Wed,,general,,"3rd Floor, D Block APC",,
Pediatric Orthopedics,5,D Block APC,"Dr. G Nirmal Raj, Dr. Karthick S R, Dr. Pebam Sudesh","Wed,Fri",,general,,"5th Floor, D Block APC",,
Pediatric Surgery,5,D Block APC,Dr. Prema Menon,Fri,,general,,"5th Floor, D Block APC",,
Pediatric Surgery,5,D Block APC,"Dr. Jai Kumar Mahajan, Dr. Shailesh Solanki",Mon,,general,,"5th Floor, D Block APC",,
Pediatric Surgery,5,D Block APC,"Dr. Nitin James Peters, Dr. Shailesh Solanki",Sat,,general,,"5th Floor, D Block APC",,
Pediatric Surgery,5,D Block APC,Dr. Monika Bawa,Thu,,general,,"5th Floor, D Block APC",,
Pediatric Surgery,5,D Block APC,"Dr. Nitin James Peters, Dr. Ravi Prakash Kanojia",Tue,,general,,"5th Floor, D Block APC",,
Pediatric Surgery,5,D Block APC,Dr. Muneer Abas Malik,Wed,,general,,"5th Floor, D Block APC",,
Physical Rehabilitation Medicine,1,B BLOCK, NEW OPD,"Dr. Rajendra Kumar Kanojia, Dr. Somya Saxena",Mon,,general,,"1st floor, B BLOCK, NEW OPD",
Physical Rehabilitation Medicine,1,B BLOCK, NEW OPD,"Dr. G Nirmal Raj, Dr. Somya Saxena","Tue,Wed",,general,,"1st floor, B BLOCK, NEW OPD",
Physical Rehabilitation Medicine,1,B BLOCK, NEW OPD,Dr. Somya Saxena,"Thu,Sat",,general,,"1st floor, B BLOCK, NEW OPD",
Physical Rehabilitation Medicine,1,B BLOCK, NEW OPD,"Dr. G Nirmal Raj, Dr. Rajendra Kumar Kanojia, Dr. Somya Saxena",Fri,,general,,"1st floor, B BLOCK, NEW OPD",
Plastic Surgery Unit A,4,C Block, New OPD,"Dr. Atul Parashar, Dr. Tarush Gupta",Mon,,general,,"4th Floor, C Block, New OPD",
Plastic Surgery Unit B,4,C Block, New OPD,"Dr. Jerry R John, Dr. Satyaswarup Tripathy",Wed,,general,,"4th Floor, C Block, New OPD",
Plastic Surgery Unit C,4,C Block, New OPD,"Dr. Parmod Kumar, Dr. Sunil Gaba",Fri,,general,,"4th Floor, C Block, New OPD",
Psychiatry,2,A Block, New OPD,"Dr. Abhishek Ghosh, Dr. Akhilesh, Dr. Aseem Mehra, Dr. Debasish Basu, Dr. Nidhi Chauhan, Dr. Sandeep Grover, Dr. Shubh Mohan Singh, Dr. Subho Chakrabarti, Dr. Subodh B N, Dr. Swapnajeet Sahoo",Mon,,general,,"2nd Floor, A Block, New OPD",
Psychiatry,2,A Block, New OPD,"Dr. Abhishek Ghosh, Dr. Akhilesh, Dr. Aseem Mehra, Dr. Debasish Basu, Dr. Sandeep Grover, Dr. Shubh Mohan Singh, Dr. Subho Chakrabarti, Dr. Subodh B N, Dr. Swapnajeet Sahoo","Tue,Wed,Thu,Sat",,general,,"2nd Floor, A Block, New OPD",
Psychiatry,2,A Block, New OPD,"Dr. Abhishek Ghosh, Dr. Akhilesh, Dr. Aseem Mehra, Dr. Debasish Basu, Dr. Sandeep Grover, Dr. Shalini Naik, Dr. Shubh Mohan Singh, Dr. Subho Chakrabarti, Dr. Subodh B N, Dr. Swapnajeet Sahoo",Fri,,general,,"2nd Floor, A Block, New OPD",
Chest Clinic,3,C Block, New OPD,"Dr. Ashutosh Nath Aggarwal, Dr. Inder Paul Sehgal, Dr. K T Prasad, Dr. Navneet Singh, Dr. Ritesh Agarwal, Dr. Sahajal Dhooria, Dr. Valliapan Muthu","Mon,Thu",,special_clinic,,"3rd Floor, C Block, New OPD",
Lung Cancer Clinic,3,C Block, New OPD,Dr. Navneet Singh,Mon,,special_clinic,,"3rd Floor, C Block, New OPD",
Lung Cancer Clinic,3,C Block, New OPD,"Dr. K T Prasad, Dr. Navneet Singh","Tue,Thu",,special_clinic,,"3rd Floor, C Block, New OPD",
Medical Oncology Clinic,4,B Block, New OPD,Dr. Chandan Krushna Das,"Mon,Tue,Wed,Thu,Fri",Mon: 8.00 AM to 11.30 AM,special_clinic,,"4th Floor, B Block, New OPD",
Renal Transplant Surgery,4,B Block, New OPD,"Dr. Ashish Sharma, Dr. Deepesh Benjamin Kenwar, Dr. Sarbpreet Singh, Dr. Shivakumar S P, Dr. Sunil Kumar","Tue,Sat",,special_clinic,,"4th Floor, B Block, New OPD",
Blood Donation Centre,1,ATC,"Dr. Divjot Singh Lamba, Dr. Ratti Ram Sharma, Dr. Sangeeta Kumari, Dr. Suchet Sachdev, Mr. Hari Krishan Dhawan",Thu,,general,,"1st Floor, ATC",,
Urology Unit 1,3,C Block, New OPD,"Dr. Aditya Prakash Sharma, Dr. Anuj Sharma, Dr. Ravimohan S. M., Dr. Sudheer Kumar Devana, Dr. Uttam Kumar Mete","Tue,Thu",,general,,"3rd Floor, C Block, New OPD",
Urology Unit 2,3,C Block, New OPD,"Dr. Girdhar Singh Bora, Dr. Santosh Kumar, Dr. Shanky Singh","Wed,Sat",,general,,"3rd Floor, C Block, New OPD",
